{

    "Conditions": {
		"Account wallet": {
		"tab": "Account options",
		"description": "Hide or show wallet balance next to username.",
		"default": "Hide",
		"values": {
			"Show": {},
			"Hide": {
			"TargetCss": {
			"affects": ["^Account", "^Steam$"], "src": "elements/options/hide_wallet.css"
					}
				}
			}
		},
		
		"Compact avatar": {
		"tab": "Account options",
		"description": "Make the avatar block compact.",
		"default": "Compact",
		"values": {
			"Default": {},
			"Compact": {
			"TargetCss": {
			"affects": ["^Steam$"], "src": "elements/options/compact_avatar.css"
					}
				}
			}
		},
		
		"Blurred background": {
		"tab": "Gamepage options",
		"description": "Blur the background of the game page (not recommanded with gamepage compact mod)",
		"default": "Full dark (default)",
		"values": {
			"Full dark (default)": {},
			"Blurred": {
			"TargetCss": {
			"affects": ["^Steam$"], "src": "elements/options/blurred_bg_gamepage.css"
					}
				}
			}
		},
		
		"Community content": {
		"tab": "Gamepage options",
		"description": "Hide or show the community content in gamepage (can improve performance if you have a bad pc).",
		"default": "Show",
		"values": {
			"Show": {},
			"Hide": {
			"TargetCss": {
			"affects": ["^Steam$"], "src": "elements/options/gp_community_content.css"
					}
				}
			}
		},
				
		"Gamepage/library buttons svg color (Play/Install)": {
		"tab": "Gamepage options",
		"description": "Set the svg color of the library buttons.",
		"default": "White",
		"values": {
			"White": {},
			"Same as the outline": {
			"TargetCss": {
			"affects": ["^Steam$"], "src": "elements/options/gamepage_library_svg_color.css"
					}
				}
			}
		},
		
		"Header (compact mod)": {
		"tab": "Gamepage options",
		"description": "Hide or show the header image at the top of the game page to save more space.",
		"default": "Default",
		"values": {
			"Default": {},
			"No header": {
			"TargetCss": {
			"affects": ["^Steam$"], "src": "elements/options/gp_compact.css"
					}
				}
			}
		},
		
		"Alternative topbar color": {
		"tab": "Global options",
		"description": "Make the topbar color less blacker",
		"default": "Dark",
		"values": {
			"Dark": {},
			"Grey": {
			"TargetCss": {
			"affects": [".*"], "src": "elements/options/topbar_color/alternative_topbar_color.css"
					}
				},
			"Grey with dark button": {
			"TargetCss": {
			"affects": [".*"], "src": "elements/options/topbar_color/alternative_topbar_color_bb.css"
					}
				}
			}
		},		
		
		"Avatar frame": {
		"tab": "Global options",
		"description": "Hide or show avatar frame on all avatars.",
		"default": "Hide",
		"values": {
			"Show": {
			"TargetCss": {
			"affects": [".*"], "src": "elements/options/avatar_frame/show.css"
					}
				},
			"Hide": {
			"TargetCss": {
			"affects": [".*"], "src": "elements/options/avatar_frame/hide.css"
					}
				}
			}
		},
		
		"Corners radius": {
		"tab": "Global options",
		"description": "Sets the strength of corner rounding.",
		"default": "Square (0px | default)",
		"values": {
			"Square (0px | default)": {},
			"Rounded (5px)": {
			"TargetCss": {
			"affects": [".*"], "src": "elements/options/corners/corner5.css"
					}
				},
			"More rounded (10px)": {
			"TargetCss": {
			"affects": [".*"], "src": "elements/options/corners/corner10.css"
					}
				}
			}
		},
		
		"Hover borders on library and webkit blocks": {
		"tab": "Global options",
		"description": "Make the hover borders of library/webkit items full and no longer just on the bottom.",
		"default": "Full borders",
		"values": {
			"Full borders": {},
			"Bottom only": {
			"TargetCss": {
			"affects": [".*"], "src": "elements/options/bottom_library_hover_effect.css"
					}
				}
			}
		},
		
		"Steam news button": {
		"tab": "Global options",
		"description": "Hide or show Steam news button in top bar.",
		"default": "Hide",
		"values": {
			"Show": {},
			"Hide": {
			"TargetCss": {
			"affects": ["^Steam$"], "src": "elements/options/steam_actuality_button.css"
					}
				}
			}
		},
		
		"Title area buttons": {
		"tab": "Global options",
		"description": "Make the title bar buttons bigger (close/maximize/minimize buttons).",
		"default": "Enlarged (w11 users)",
		"values": {
			"Minimal": {},
			"Enlarged (w11 users)": {
			"TargetCss": {
			"affects": [".*"], "src": "elements/options/alternative_title_area_buttons/alternative_title_area_buttons_w11.css"
					}
				},
			"Enlarged (w10 users)": {
			"TargetCss": {
			"affects": [".*"], "src": "elements/options/alternative_title_area_buttons/alternative_title_area_buttons_w10.css"
					}
				}
			}
		},
		
		"Vanilla topbar style": {
		"tab": "Global options",
		"description": "Set the topbar in the vanilla style of steam skin.",
		"default": "Default",
		"values": {
			"Default": {},
			"Vanilla topbar": {
			"TargetCss": {
			"affects": ["^Steam$"], "src": "elements/options/vanilla_topbar_style.css"
					}
				}
			}
		},
		
		"Compact mod": {
		"tab": "Library options",
		"description": "Removes the filter & search from the sidebar to save even more space.",
		"default": "Default",
		"values": {
			"Default": {},
			"Compact (filter only)": {
			"TargetCss": {
			"affects": ["^Steam$"], "src": "elements/options/compact_mod.css"
					}
				},
			"Ultra compact (filter & search)": {
			"TargetCss": {
			"affects": ["^Steam$"], "src": "elements/options/ultra_compact_mod.css"
					}
				}
			}
		},
		
		"Compact news container": {
		"tab": "Library options",
		"description": "Make the news container compact.",
		"default": "yes",
		"values": {
			"no": {},
			"yes": {
			"TargetCss": {
			"affects": ["^Steam$"], "src": "elements/options/compact_news.css"
					}
				}
			}
		},
		
		"News container": {
		"tab": "Library options",
		"description": "Hide or show 'What's New' block in the library.",
		"default": "Show",
		"values": {
			"Show": {},
			"Hide": {
			"TargetCss": {
			"affects": ["^Steam$"], "src": "elements/options/hide_news.css"
					}
				}
			}
		},
		
		"Right Sidebar": {
		"tab": "Library options",
		"description": "Place the left bar on the right of the Steam client (to enlarge the sidebar you will always have to slide to the right and not to the left).",
		"default": "Default",
		"values": {
			"Default (left)": {},
			"Right (not recommended)": {
			"TargetCss": {
			"affects": ["^Steam$"], "src": "elements/options/sidebar_to_the_right.css"
					}
				}
			}
		},
		
		"Miniprofile background": {
		"tab": "Miniprofile options",
		"description": "Show or hide image/video on background by default on mini profiles.",
		"default": "Hide",
		"values": {
			"Hide": {},
			"Show": {
			"TargetCss": {
			"affects": [".*"], "src": "elements/options/bg_miniprofile.css"
					}
				}
			}
		},	
		
		"No button labels in list mod": {
		"tab": "Overlay options",
		"description": "hide button names to only have the icon when the overlay is in list mode only",
		"default": "Default",
		"values": {
			"Default": {},
			"No label": {
			"TargetCss": {
			"affects": [".*"], "src": "elements/options/overlay_no_label_list.css"
					}
				}
			}
		},
		
		"Alternative contacts icon": {
		"tab": "Topbar options",
		"description": "Use alternative icon for contacts bloc.",
		"default": "Minimal (fill)",
		"values": {
			"Minimal (fill)": {},
			"Minimal (outline)": {
			"TargetCss": {
			"affects": ["^Steam$"], "src": "elements/options/contacts_icon/minimal_contacts_icon_outline.css"
					}
				},
			"Alternative (fill)": {
			"TargetCss": {
			"affects": ["^Steam$"], "src": "elements/options/contacts_icon/alternative_contacts_icon_fill.css"
					}
				},
			"Alternative (outline)": {
			"TargetCss": {
			"affects": ["^Steam$"], "src": "elements/options/contacts_icon/alternative_contacts_icon_outline.css"
					}
				}
			}
		},
		
		"Alternative downloads UI": {
		"tab": "Topbar options",
		"description": "change the appearance of the download block.",
		"default": "New",
		"values": {
			"New UI": {
			"TargetCss": {
			"affects": [".*"], "src": "elements/options/alternative_dl_ui.css"
					}
				},
			"Minimal": {}
			}
		},
		
		"Root menu Steam text": {
		"tab": "Topbar options",
		"description": "Hide or show steam text in top left of the root menu.",
		"default": "Show",
		"values": {
			"Show": {},
			"Hide": {
			"TargetCss": {
			"affects": ["^Steam$"], "src": "elements/options/hide_steam_text.css"
					}
				}
			}
		},
		
		"Tabs text transform": {
		"tab": "Topbar options",
		"description": "Set capitalize text to topbar tabs.",
		"default": "no",
		"values": {
			"no": {},
			"yes": {
			"TargetCss": {
			"affects": ["^Steam$"], "src": "elements/options/tabs_text_form.css"
					}
				}
			}
		},
		
		"Topbar icons menu hover effect": {
		"tab": "Topbar options",
		"description": "Use alternative hover effect for icons menu (display, contacts, games, support).",
		"default": "Fill",
		"values": {
			"Fill": {},
			"Outline": {
			"TargetCss": {
			"affects": ["^Steam$"], "src": "elements/options/alternative_menus_hover_effect.css"
					}
				}
			}
		},
		
		"Topbar Store tab left icon (currency icon)": {
		"tab": "Topbar options",
		"description": "Changes the currency logo on the store icon.",
		"default": "Fill icon (euro)",
		"values": {
			"No icon": {},
			"Fill icon (euro)": {
			"TargetCss": {
			"affects": ["^Steam$"], "src": "elements/options/topbar_tabs/store_icon/store_icon_euro.css"
					}
				},
			"Outline icon (euro)": {
			"TargetCss": {
			"affects": ["^Steam$"], "src": "elements/options/topbar_tabs/store_icon/store_icon_outline_euro.css"
					}
				},
			"Fill icon (dollar)": {
			"TargetCss": {
			"affects": ["^Steam$"], "src": "elements/options/topbar_tabs/store_icon/store_icon_dollar.css"
					}
				},
			"Outline icon (dollar)": {
			"TargetCss": {
			"affects": ["^Steam$"], "src": "elements/options/topbar_tabs/store_icon/store_icon_outline_dollar.css"
					}
				},
			"Fill icon (pound sterling)": {
			"TargetCss": {
			"affects": ["^Steam$"], "src": "elements/options/topbar_tabs/store_icon/store_icon_ps.css"
					}
				},
			"Outline icon (pound sterling)": {
			"TargetCss": {
			"affects": ["^Steam$"], "src": "elements/options/topbar_tabs/store_icon/store_icon_outline_ps.css"
					}
				}
			}
		},
		
		"Topbar tabs left icons (hover effect included)": {
		"tab": "Topbar options",
		"description": "Adds an icon to the left of the top bar tabs text.",
		"default": "Icons (fill + text)",
		"values": {
			"No icons (text only)": {},
			"Icons (fill + text)": {
			"TargetCss": {
			"affects": ["^Steam$"], "src": "elements/options/topbar_tabs/topbar_tabs_icons.css"
					}
				},
			"Icons (outline + text)": {
			"TargetCss": {
			"affects": ["^Steam$"], "src": "elements/options/topbar_tabs/topbar_tabs_outline_icons.css"
					}
				}
			}
		},
		
		"Alternative root menu icon": {
		"tab": "Various options",
		"description": "Change the root menu icon with a alternative icon",
		"default": "Minimal default icon",
		"values": {
			"Minimal default icon": {},
			"Minimal dark complete logo": {
			"TargetCss": {
			"affects": [".*"], "src": "elements/options/root_menu_icon/minimal_dark_complete_steam_logo.css"
					}
				},
			"Alternative rounded icon (fill)": {
			"TargetCss": {
			"affects": [".*"], "src": "elements/options/root_menu_icon/alternative_rounded_root_menu_icon_fill.css"
					}
				},
			"Alternative rounded icon (outline)": {
			"TargetCss": {
			"affects": [".*"], "src": "elements/options/root_menu_icon/alternative_rounded_root_menu_icon_outline.css"
					}
				},
			"Alternative squared icon (fill)": {
			"TargetCss": {
			"affects": [".*"], "src": "elements/options/root_menu_icon/alternative_squared_root_menu_icon_fill.css"
					}
				},
			"Alternative squared icon (outline)": {
			"TargetCss": {
			"affects": [".*"], "src": "elements/options/root_menu_icon/alternative_squared_root_menu_icon_outline.css"
					}
				}
			}
		},
		
		"Change UI font": {
		"tab": "Various options",
		"description": "Change the font of the interface.",
		"default": "Share Tech",
		"values": {
			"Default": {},
			"Roboto": {
			"TargetCss": {
			"affects": [".*"], "src": "elements/options/fonts/roboto_font.css"
					}
				},
			"Monaco": {
			"TargetCss": {
			"affects": [".*"], "src": "elements/options/fonts/monaco_font.css"
					}
				},
			"Share Tech": {
			"TargetCss": {
			"affects": [".*"], "src": "elements/options/fonts/share_tech_font.css"
					}
				},
			"Maria": {
			"TargetCss": {
			"affects": [".*"], "src": "elements/options/fonts/maria_font.css"
					}
				},
			"Sudo Var": {
			"TargetCss": {
			"affects": [".*"], "src": "elements/options/fonts/sudo_var_font.css"
					}
				},
			"JetBrains": {
			"TargetCss": {
			"affects": [".*"], "src": "elements/options/fonts/jetbrains_font.css"
					}
				}
			}
		},
		
		"Context menus hover effect": {
		"tab": "Various options",
		"description": "Added a border to the left of the block with the user-defined color on the context menus when hover.",
		"default": "With hover effect",
		"values": {
			"No hover effect": {},
			"With hover effect": {
			"TargetCss": {
			"affects": [".*"], "src": "elements/options/menus_hover_effect.css"
					}
				}
			}
		},
		
		"Default pointers": {
		"tab": "Various options",
		"description": "Display or hide pointers by default on the entire skin.",
		"default": "Minimal dark default",
		"values": {
			"Steam default": {},
			"Minimal dark default": {
			"TargetCss": {
			"affects": [".*"], "src": "elements/options/default_pointers.css"
					}
				}
			}
		},

		"Hide scrollbars": {
		"tab": "Various options",
		"description": "Hide or show scrollbars on the entirety of the skin.",
		"default": "Show",
		"values": {
			"Show": {},
			"Hide": {
			"TargetCss": {
			"affects": [".*"], "src": "elements/options/hide_scrollbars.css"
					}
				}
			}
		},

		"Mouseover animation of settings menu tabs": {
		"tab": "Various options",
		"description": "Enable or disable the category hover effect in settings section.",
		"default": "Animated",
		"values": {
			"Animated": {},
			"Static": {
			"TargetCss": {
			"affects": [".*"], "src": "elements/options/no_hover_effect_settings_tabs.css"
					}
				}
			}
		},
		
		"Compact Webkit": {
		"tab": "Webkit options",
		"description": "Hide the left sidebar on the webkit homepage.",
		"default": "Hide",
		"values": {
			"Show": {},
			"Hide": {
			"TargetCss": {
			"affects": [".*"], "src": "elements/options/compact_webkit.css"
					}
				}
			}
		},
		
		"Hide footers": {
		"tab": "Webkit options",
		"description": "Hide Steam information on webkit footers.",
		"default": "Hide",
		"values": {
			"Show": {},
			"Hide": {
			"TargetCss": {
			"affects": [".*"], "src": "elements/options/no_footer_webkit.css"
					}
				}
			}
		},
		
		"Profiles": {
		"tab": "Webkit options",
		"description": "Enabling this option makes the profile page blocks full and removes the blur effect.",
		"default": "Blurred blocs (Minimal default)",
		"values": {
			"Blurred blocs (Minimal default)": {},
			"No blur blocs": {
			"TargetCss": {
			"affects": [".*"], "src": "elements/options/no_blurred_profiles.css"
					}
				}
			}
		},
		
		"Profiles headers": {
		"tab": "Webkit options",
		"description": "If you are using profile skin (or not), enable this option to view the color of the predefined block headers in the profile you applied (also displays on the profiles you view).",
		"default": "no",
		"values": {
			"no": {},
			"yes": {
			"TargetCss": {
			"affects": [".*"], "src": "elements/options/default_profiles_header.css"
					}
				}
			}
		},
		
		"URL bar": {
		"tab": "Webkit options",
		"description": "This option allows you to permanently hide the URL bar or display it only on hover.",
		"default": "Visible",
		"values": {
			"Visible": {},
			"Hide": {
			"TargetCss": {
			"affects": [".*"], "src": "elements/options/url_bar/url_bar_hide.css"
					}
				},
			"Only shows on hover": {
			"TargetCss": {
			"affects": [".*"], "src": "elements/options/url_bar/url_bar_hide_show_hover.css"
					}
				}
			}
		}
		
	},

	"Steam-WebKit": "webkit.css",

    "version": "1.0",
    "name": "Cyberpunk 2077 Inspired UI",
    "description": "Minimalist Cyberpunk 2077-inspired Steam theme with muted tones and neon accents.",
    "author": "ArtworkPunk",
    "tags": ["Cyberpunk", "Dark", "Minimal", "Neon"],
    "RootColors": "./elements/config.css",
    "UseDefaultPatches": true,
    "Patches": [
        {
            "MatchRegexString": "^.*$",
            "TargetCss": "./libraryroot.custom.css"
        },
        {
            "MatchRegexString": "^Library$",
            "TargetCss": "./elements/library.css"
        },
        {
            "MatchRegexString": "^Friends$",
            "TargetCss": "./friends.custom.css"
        },
        {
            "MatchRegexString": "^Overlay$",
            "TargetCss": "./elements/overlay.css"
        },
        {
            "MatchRegexString": "^Downloads$",
            "TargetCss": "./elements/downloads.css"
        },
        {
            "MatchRegexString": "^GamePage$",
            "TargetCss": "./elements/gamepage.css"
        },
        {
            "MatchRegexString": "^Sidebar$",
            "TargetCss": "./elements/sidebar.css"
        },
        {
            "MatchRegexString": "^Scrollbar$",
            "TargetCss": "./elements/scrollbar.css"
        },
        {
            "MatchRegexString": "^MiniProfile$",
            "TargetCss": "./elements/miniprofile.css"
        },
        {
            "MatchRegexString": "^Notifications$",
            "TargetCss": "./elements/notifications.css"
        },
        {
            "MatchRegexString": "^https?://.*$", 
            "TargetCss": "./root.css"
        }
    ],
    "Conditionss": {
        "Change UI font": {
            "tab": "Various options",
            "description": "Change the font of the interface.",
            "default": "Share Tech",
            "values": {
                "Default": {},
                "Share Tech": {
                    "TargetCss": {
                        "affects": [".*"],
                        "src": "elements/options/fonts/share_tech_font.css"
                    }
				}
            }
        }
    }
}